Timestamp,Open,High,Low,Close,Volume
1502668800000,4261.48000000,4485.39000000,3850.00000000,4086.29000000,2843.43142600
1503273600000,4069.13000000,4453.91000000,3400.00000000,4310.01000000,4599.39662900
1503878400000,4310.01000000,4939.19000000,4124.54000000,4509.08000000,4753.84337600
1504483200000,4505.00000000,4788.59000000,3603.00000000,4130.37000000,6382.78774500
1505088000000,4153.62000000,4394.59000000,2817.00000000,3699.99000000,8106.70512700
1505692800000,3690.00000000,4123.20000000,3505.55000000,3660.02000000,5908.32335000
1506297600000,3660.02000000,4406.52000000,3653.69000000,4378.48000000,5782.30542400
1506902400000,4400.00000000,4658.00000000,4110.00000000,4640.00000000,4708.27295600
1507507200000,4640.00000000,5922.30000000,4550.00000000,5709.99000000,7913.92583700
1508112000000,5710.00000000,6171.00000000,5037.95000000,5950.02000000,12157.76944700
1508716800000,5975.00000000,6189.88000000,5286.98000000,6169.98000000,13133.99457000
1509321600000,6133.01000000,7590.25000000,6030.00000000,7345.01000000,11663.20964800
1509926400000,7345.10000000,7770.02000000,5325.01000000,5811.03000000,18916.31990000
1510531200000,5839.94000000,8123.15000000,5699.99000000,8038.00000000,19791.10101100
1511136000000,8057.11000000,9350.00000000,7801.00000000,9128.02000000,28921.85979200
1511740800000,9128.00000000,11825.00000000,8520.00000000,11165.41000000,48427.94965000
1512345600000,11165.41000000,17204.99000000,10802.00000000,14899.98000000,72469.97762700
1512950400000,14946.26000000,19798.68000000,14666.56000000,18860.02000000,67851.48621500
1513555200000,18860.04000000,19300.00000000,10961.00000000,13500.00000000,135385.44032200
1514160000000,13500.00000000,16498.05000000,11750.00000000,13716.36000000,116522.75432100
1514764800000,13715.65000000,17176.24000000,12750.00000000,16150.03000000,120239.39935900
1515369600000,16218.85000000,16322.30000000,11400.00000000,13474.99000000,137537.90456500
1515974400000,13477.98000000,14249.99000000,9035.00000000,11530.00000000,303127.50213700
1516579200000,11530.00000000,12244.00000000,9900.24000000,11879.95000000,198030.05111700
1517184000000,11879.95000000,11975.02000000,7930.00000000,8184.81000000,202016.40775900
1517788800000,8179.99000000,9065.78000000,6000.01000000,8063.88000000,340794.29213100
1518393600000,8063.82000000,11274.00000000,8053.00000000,10383.43000000,311863.06813700
1518998400000,10375.01000000,11786.01000000,9274.80000000,9590.00000000,350623.13291100
1519603200000,9590.00000000,11565.00000000,9350.00000000,11515.00000000,183970.99761400
1520208000000,11515.00000000,11710.00000000,8329.00000000,9533.57000000,282035.22538200
1520812800000,9533.57000000,9888.88000000,7322.00000000,8189.99000000,315835.15160600
1521417600000,8189.00000000,9177.01000000,8088.40000000,8470.15000000,285211.53951100
1522022400000,8470.14000000,8514.89000000,6430.00000000,6813.01000000,308729.49203100
1522627200000,6813.01000000,7520.00000000,6500.00000000,7018.00000000,232320.07049900
1523232000000,7011.04000000,8429.54000000,6611.00000000,8355.00000000,259877.02241400
1523836800000,8355.07000000,9035.00000000,7825.40000000,8787.02000000,233025.38619000
1524441600000,8785.70000000,9759.82000000,8651.62000000,9419.00000000,306668.07214000
1525046400000,9417.04000000,10020.00000000,8800.49000000,9659.01000000,222274.38854000
1525651200000,9661.02000000,9689.67000000,8153.00000000,8679.71000000,224151.29875100
1526256000000,8679.71000000,8879.99000000,7911.90000000,8526.98000000,182713.82601200
1526860800000,8526.97000000,8595.31000000,7231.11000000,7338.99000000,190894.60093900
1527465600000,7338.99000000,7786.69000000,7032.95000000,7714.26000000,211929.27076600
1528070400000,7714.26000000,7765.00000000,6622.81000000,6764.99000000,211352.73747800
1528675200000,6765.00000000,6922.00000000,6118.68000000,6449.61000000,234080.84117100
1529280000000,6444.06000000,6841.74000000,5750.00000000,6136.97000000,234147.62101500
1529884800000,6137.95000000,6528.99000000,5780.00000000,6356.81000000,207746.55900600
1530489600000,6360.82000000,6818.16000000,6271.62000000,6712.10000000,211526.01905800
1531094400000,6712.10000000,6802.06000000,6070.00000000,6353.01000000,192452.84988000
1531699200000,6354.15000000,7700.00000000,6330.40000000,7394.79000000,294313.22260400
1532304000000,7394.78000000,8491.77000000,7375.00000000,8211.00000000,288666.04714100
1532908800000,8210.99000000,8273.00000000,6882.29000000,7024.19000000,282090.10358400
1533513600000,7024.19000000,7160.00000000,5971.00000000,6308.33000000,334426.55074300
1534118400000,6308.56000000,6620.00000000,5880.00000000,6477.53000000,378189.29648700
1534723200000,6477.53000000,6882.54000000,6220.00000000,6700.00000000,286906.53931100
1535328000000,6700.00000000,7345.45000000,6646.50000000,7302.01000000,294674.91300500
1535932800000,7302.00000000,7410.00000000,6111.00000000,6250.81000000,306231.62342400
1536537600000,6252.26000000,6584.99000000,6169.68000000,6505.00000000,227428.18285400
1537142400000,6500.08000000,6839.03000000,6123.00000000,6708.00000000,244256.49012100
1537747200000,6706.81000000,6814.80000000,6325.02000000,6626.57000000,242598.87247100
1538352000000,6626.57000000,6697.00000000,6430.00000000,6615.26000000,141836.47648300
1538956800000,6615.26000000,6715.60000000,6205.00000000,6339.34000000,166310.81354400
1539561600000,6339.34000000,7680.00000000,6300.00000000,6590.11000000,211592.62313900
1540166400000,6590.12000000,6639.00000000,6453.00000000,6489.93000000,75328.88538500
1540771200000,6489.93000000,6525.00000000,6245.02000000,6485.85000000,71945.40060700
1541376000000,6485.85000000,6615.15000000,6355.00000000,6449.81000000,76161.78188000
1541980800000,6450.71000000,6498.00000000,5403.42000000,5662.00000000,205081.18393800
1542585600000,5661.94000000,5664.00000000,3652.66000000,4085.78000000,496323.79998000
1543190400000,4088.69000000,4450.38000000,3689.12000000,4161.01000000,479459.91410100
1543795200000,4160.55000000,4179.00000000,3222.00000000,3545.37000000,406435.81785400
1544400000000,3548.49000000,3610.00000000,3156.26000000,3228.67000000,249791.79078700
1545004800000,3229.22000000,4139.99000000,3216.00000000,3929.71000000,489096.74115800
1545609600000,3929.71000000,4198.00000000,3535.00000000,3801.91000000,332161.25544200
1546214400000,3803.12000000,4027.71000000,3630.33000000,3987.60000000,214860.90624200
1546819200000,3987.62000000,4069.80000000,3441.30000000,3476.81000000,245887.27794800
1547424000000,3477.56000000,3720.00000000,3467.02000000,3539.28000000,199395.79296500
1548028800000,3539.26000000,3662.94000000,3434.85000000,3550.84000000,154566.45086100
1548633600000,3550.05000000,3557.75000000,3349.92000000,3458.11000000,186574.10542300
1549238400000,3458.11000000,3733.58000000,3373.10000000,3680.06000000,198350.67398800
1549843200000,3679.75000000,3700.11000000,3568.11000000,3667.58000000,167995.80513900
1550448000000,3667.62000000,4198.00000000,3655.00000000,3743.56000000,301384.22226000
1551052800000,3743.56000000,3888.00000000,3677.17000000,3807.75000000,190343.24672600
1551657600000,3807.32000000,3971.75000000,3670.69000000,3916.82000000,207833.42997000
1552262400000,3915.99000000,4056.98000000,3810.43000000,3981.14000000,185620.34481300
1552867200000,3981.85000000,4069.32000000,3880.01000000,3992.18000000,156283.26348300
1553472000000,3991.35000000,4140.00000000,3888.71000000,4103.95000000,178114.87504900
1554076800000,4102.44000000,5275.01000000,4067.00000000,5170.27000000,420989.96873800
1554681600000,5170.27000000,5422.00000000,4861.22000000,5131.30000000,247866.40740500
1555286400000,5131.28000000,5333.42000000,4950.00000000,5256.14000000,168555.91174500
1555891200000,5257.41000000,5600.00000000,5102.00000000,5307.52000000,247392.82390400
1556496000000,5309.81000000,5900.00000000,5178.80000000,5775.62000000,191971.58997500
1557100800000,5773.18000000,7521.78000000,5619.14000000,6967.31000000,313283.86961200
1557705600000,6968.24000000,8366.00000000,6870.00000000,8148.48000000,461287.69413900
1558310400000,8147.94000000,8740.00000000,7461.00000000,8614.43000000,341677.39881000
1558915200000,8612.54000000,9074.26000000,8005.00000000,8725.98000000,292049.04381200
1559520000000,8726.00000000,8800.95000000,7444.58000000,7628.13000000,293308.70969600
1560124800000,7627.57000000,9333.00000000,7511.00000000,8953.33000000,274072.05837100
1560729600000,8953.00000000,11392.64000000,8950.00000000,10906.07000000,378253.00306500
1561334400000,10905.95000000,13970.00000000,10525.10000000,10854.10000000,684152.50877200
1561939200000,10854.10000000,12000.00000000,9727.00000000,11406.24000000,517740.07169300
1562544000000,11410.00000000,13147.08000000,10103.00000000,10174.18000000,510462.03567800
1563148800000,10174.18000000,11100.00000000,9060.00000000,10589.45000000,487080.97263000
1563753600000,10590.15000000,10683.16000000,9165.00000000,9541.54000000,269819.32510900
1564358400000,9541.54000000,11040.00000000,9395.00000000,10929.23000000,259518.80601900
1564963200000,10929.99000000,12330.70000000,10927.80000000,11549.97000000,371072.85766100
1565568000000,11539.08000000,11577.89000000,9750.00000000,10306.78000000,248273.37466500
1566172800000,10306.17000000,10949.96000000,9762.00000000,10142.69000000,232472.05333100
1566777600000,10142.69000000,10604.00000000,9320.00000000,9724.98000000,211243.55028800
1567382400000,9723.59000000,10905.87000000,9712.50000000,10381.18000000,281075.66490800
1567987200000,10381.24000000,10480.00000000,9880.00000000,10302.01000000,207165.65445800
1568592000000,10303.34000000,10355.00000000,9653.00000000,10028.87000000,188644.19962300
1569196800000,10028.05000000,10049.99000000,7750.00000000,8043.82000000,364560.06474400
1569801600000,8043.04000000,8500.00000000,7710.00000000,7854.25000000,239136.79539900
1570406400000,7855.30000000,8779.51000000,7762.00000000,8275.01000000,281416.73873400
1571011200000,8275.24000000,8403.00000000,7816.01000000,8223.35000000,219241.79231100
1571616000000,8223.35000000,10370.00000000,7300.00000000,9529.93000000,508882.69375600
1572220800000,9528.23000000,9902.10000000,8913.00000000,9194.71000000,354362.74432700
1572825600000,9196.46000000,9513.68000000,8696.00000000,9039.47000000,294282.77161200
1573430400000,9040.16000000,9072.32000000,8350.68000000,8502.40000000,239532.02348000
1574035200000,8502.87000000,8503.52000000,6790.00000000,6903.28000000,422402.00470300
1574640000000,6900.23000000,7850.00000000,6515.00000000,7390.89000000,503259.06429100
1575244800000,7391.50000000,7750.00000000,7067.00000000,7510.11000000,331484.78371600
1575849600000,7510.11000000,7650.00000000,7008.35000000,7118.59000000,252294.98040800
1576454400000,7119.60000000,7518.54000000,6435.00000000,7501.44000000,339611.46169700
1577059200000,7500.71000000,7695.38000000,7076.42000000,7388.24000000,267312.08693500
1577664000000,7388.43000000,7495.00000000,6871.04000000,7358.75000000,241051.79844400
1578268800000,7357.64000000,8455.00000000,7346.76000000,8184.98000000,498017.84689800
1578873600000,8184.97000000,9198.98000000,8055.89000000,8701.70000000,468235.62749600
1579478400000,8701.72000000,8818.00000000,8238.00000000,8615.00000000,250977.00176500
1580083200000,8614.39000000,9578.00000000,8535.00000000,9331.51000000,362870.20838800
1580688000000,9331.59000000,10166.00000000,9093.01000000,10151.75000000,364995.86483400
1581292800000,10151.72000000,10500.00000000,9638.12000000,9917.27000000,427067.58518900
1581897600000,9910.70000000,10250.00000000,9350.00000000,9936.40000000,360700.46771900
1582502400000,9936.40000000,9990.00000000,8411.00000000,8531.88000000,426585.45870700
1583107200000,8530.30000000,9188.00000000,8000.00000000,8033.31000000,379197.13168000
1583712000000,8034.76000000,8179.31000000,3782.13000000,5361.30000000,1224228.28324000
1584316800000,5360.33000000,6900.00000000,4442.12000000,5816.19000000,1180843.34581500
1584921600000,5816.05000000,6957.96000000,5688.00000000,5881.42000000,770380.80536000
1585526400000,5880.50000000,7198.00000000,5857.76000000,6772.78000000,664784.29958300
1586131200000,6772.78000000,7459.69000000,6739.98000000,6903.79000000,582804.77108700
1586736000000,6903.79000000,7293.08000000,6468.27000000,7120.74000000,501345.25890300
1587340800000,7121.40000000,7738.00000000,6751.00000000,7693.10000000,469098.31294700
1587945600000,7693.10000000,9460.00000000,7606.00000000,8894.16000000,742165.16210400
1588550400000,8894.15000000,10067.00000000,8117.00000000,8722.77000000,780478.84946600
1589155200000,8722.77000000,9939.00000000,8200.00000000,9680.04000000,721487.83708700
1589760000000,9681.11000000,9950.00000000,8700.00000000,8720.34000000,517248.17753600
1590364800000,8718.14000000,9740.00000000,8642.72000000,9448.27000000,425528.24616700
1590969600000,9448.27000000,10380.00000000,9266.00000000,9746.99000000,427822.49534700
1591574400000,9746.99000000,9992.72000000,9113.00000000,9342.10000000,336172.77151700
1592179200000,9342.10000000,9589.00000000,8910.45000000,9294.69000000,323565.71184200
1592784000000,9294.69000000,9780.00000000,8833.00000000,9116.35000000,343601.08315400
1593388800000,9116.16000000,9292.00000000,8893.03000000,9069.41000000,247256.19512500
1593993600000,9069.41000000,9470.00000000,9055.92000000,9302.75000000,284964.99967300
1594598400000,9303.31000000,9343.82000000,9047.25000000,9208.99000000,247602.69209500
1595203200000,9208.99000000,10111.00000000,9131.00000000,9931.54000000,346433.53511500
1595808000000,9931.54000000,12123.46000000,9917.21000000,11071.35000000,637793.81172400
1596412800000,11071.36000000,11909.94000000,10936.00000000,11681.68000000,403167.45146000
1597017600000,11681.69000000,12067.35000000,11125.00000000,11911.00000000,468167.72232000
1597622400000,11910.99000000,12468.00000000,11376.81000000,11648.13000000,426710.48350200
1598227200000,11648.12000000,11824.90000000,11117.64000000,11711.16000000,355153.16937200
1598832000000,11711.17000000,12050.85000000,9825.00000000,10256.20000000,581777.75652500
1599436800000,10255.89000000,10580.11000000,9850.00000000,10332.83000000,366759.99404800
1600041600000,10332.84000000,11179.79000000,10212.34000000,10920.28000000,374339.55881400
1600646400000,10920.28000000,10988.86000000,10136.82000000,10774.25000000,331299.29108100
1601251200000,10774.26000000,10950.00000000,10374.00000000,10666.63000000,288073.12698900
1601856000000,10666.62000000,11491.00000000,10525.00000000,11369.02000000,288404.14549400
1602460800000,11369.02000000,11720.01000000,11172.00000000,11503.14000000,279657.09704700
1603065600000,11503.14000000,13350.00000000,11407.96000000,13028.83000000,418993.35468100
1603670400000,13029.64000000,14100.00000000,12765.00000000,13761.50000000,485358.52171600
1604275200000,13761.49000000,15960.00000000,13195.05000000,15475.10000000,665037.14645200
1604880000000,15475.10000000,16480.00000000,14805.54000000,15957.00000000,529729.42649600
1605484800000,15957.00000000,18965.90000000,15864.00000000,18414.43000000,684197.64282900
1606089600000,18413.88000000,19484.21000000,16188.00000000,18184.99000000,676351.57997400
1606694400000,18185.00000000,19888.00000000,18001.12000000,19359.40000000,537012.14293100
1607299200000,19358.67000000,19420.91000000,17572.33000000,19174.99000000,414166.99723700
1607904000000,19174.99000000,24295.00000000,19000.00000000,23455.52000000,650661.72430000
1608508800000,23455.54000000,28422.00000000,21815.00000000,26281.66000000,688906.56055700
1609113600000,26281.54000000,34778.11000000,25880.00000000,33000.05000000,625132.26320300
1609718400000,33000.05000000,41950.00000000,28130.00000000,38150.02000000,850700.26615200
1610323200000,38150.02000000,40100.00000000,30420.00000000,35828.61000000,897339.67445000
1610928000000,35824.99000000,37850.00000000,28850.00000000,32259.90000000,640226.93578500
1611532800000,32259.45000000,38531.90000000,29241.72000000,33092.98000000,747463.50850900
1612137600000,33092.97000000,40955.51000000,32296.16000000,38795.69000000,583442.33154400
1612742400000,38795.69000000,49707.43000000,37988.89000000,48577.79000000,664186.27090900
1613347200000,48580.47000000,58352.80000000,45570.79000000,57408.57000000,533487.79969900
1613952000000,57412.35000000,57508.47000000,43000.00000000,45135.66000000,737125.74636500
1614556800000,45134.11000000,52640.00000000,44950.53000000,50971.75000000,490819.56296800
1615161600000,50959.11000000,61844.00000000,49274.67000000,58968.31000000,514559.69868500
1615766400000,58976.08000000,60633.43000000,53271.34000000,57351.56000000,463194.21418000
1616371200000,57351.56000000,58430.73000000,50427.56000000,55777.63000000,446278.62841300
1616976000000,55777.65000000,60200.00000000,54800.01000000,58202.01000000,367477.89327300
1617580800000,58202.01000000,61500.00000000,55473.00000000,60002.43000000,375865.59361400
1618185600000,59998.80000000,64854.00000000,50931.30000000,56150.01000000,549048.29803200
1618790400000,56150.01000000,57526.81000000,46930.00000000,49066.77000000,568462.85096000
1619395200000,49066.76000000,58458.07000000,48753.44000000,56578.21000000,395983.45601300
1620000000000,56578.21000000,59500.00000000,52900.00000000,58240.84000000,504478.92630300
1620604800000,58240.83000000,59500.00000000,43825.39000000,46431.50000000,684880.14819700
1621209600000,46426.83000000,46686.00000000,30000.00000000,34655.25000000,1386781.05214400
1621814400000,34681.44000000,40841.00000000,33379.00000000,35641.27000000,786531.16394100
1622419200000,35641.26000000,39476.00000000,34153.84000000,35796.31000000,528299.50493700
1623024000000,35796.31000000,39380.00000000,31000.00000000,39020.57000000,700065.60491500
1623628800000,39020.56000000,41330.00000000,33336.00000000,35600.16000000,610333.96208900
1624233600000,35600.17000000,35750.00000000,28805.00000000,34700.34000000,907073.70759800
1624838400000,34702.49000000,36600.00000000,32699.00000000,35286.51000000,464791.76359300
1625443200000,35288.13000000,35293.78000000,32077.00000000,34258.99000000,359766.23540400
1626048000000,34259.00000000,34678.43000000,31020.00000000,31778.56000000,306160.98707900
1626652800000,31778.57000000,35398.00000000,29278.00000000,35381.02000000,383262.21715400
1627257600000,35381.02000000,42599.00000000,35205.78000000,39845.44000000,568598.50960600
1627862400000,39850.27000000,45310.00000000,37332.70000000,43794.37000000,463107.67071100
1628467200000,43794.36000000,48144.00000000,42779.00000000,46973.82000000,372867.97981100
1629072000000,46973.82000000,49757.04000000,43927.70000000,49239.22000000,357634.46215500
1629676800000,49239.22000000,50500.00000000,46250.00000000,48767.83000000,298905.69704200
1630281600000,48767.84000000,51900.00000000,46512.00000000,51756.88000000,327484.44363800
1630886400000,51756.88000000,52920.00000000,42843.05000000,46025.24000000,399602.39982000
1631491200000,46025.23000000,48843.20000000,43370.00000000,47241.75000000,289430.44387000
1632096000000,47241.75000000,47347.25000000,39600.00000000,43160.90000000,437174.23273000
1632700800000,43160.90000000,49228.08000000,40753.88000000,48200.01000000,290620.78115000
1633305600000,48200.01000000,56561.31000000,46891.00000000,54659.00000000,424292.25859900
1633910400000,54659.01000000,62933.00000000,53879.00000000,61528.33000000,362346.26317400
1634515200000,61528.32000000,67000.00000000,59510.63000000,60852.22000000,336367.00881000
1635120000000,60852.22000000,63710.63000000,57820.00000000,61299.80000000,314971.84980000
1635724800000,61299.81000000,64270.00000000,59405.00000000,63273.59000000,253033.72432000
1636329600000,63273.58000000,69000.00000000,62278.00000000,65519.10000000,294213.11270800
1636934400000,65519.11000000,66401.82000000,55600.00000000,58622.02000000,340150.61676000
1637539200000,58617.70000000,59444.00000000,53256.64000000,57274.88000000,315216.31943000
1638144000000,57274.89000000,59176.99000000,42000.30000000,49396.33000000,390528.91248800
1638748800000,49396.32000000,51936.33000000,46751.00000000,50053.90000000,272083.99753000
1639353600000,50053.90000000,50189.97000000,45456.00000000,46681.23000000,271834.80183000
1639958400000,46681.24000000,51810.00000000,45558.85000000,50775.49000000,209149.42595000
1640563200000,50775.48000000,52088.00000000,45678.00000000,47286.18000000,217379.64220000
1641168000000,47286.18000000,47570.00000000,40501.00000000,41864.62000000,264331.61587000
1641772800000,41864.62000000,44500.00000000,39650.00000000,43071.66000000,232059.06969000
1642377600000,43071.66000000,43505.00000000,34008.00000000,36244.55000000,354513.98432000
1642982400000,36244.55000000,38919.98000000,32917.17000000,37881.76000000,353702.62639100
1643587200000,37881.75000000,42656.00000000,36250.00000000,42380.87000000,258946.95322000
1644192000000,42380.87000000,45821.00000000,41645.85000000,42053.66000000,301990.47877000
1644796800000,42053.65000000,44751.40000000,38000.00000000,38386.89000000,243150.46162000
1645401600000,38386.89000000,40348.45000000,34322.28000000,37699.07000000,412335.93267000
1646006400000,37699.08000000,45400.00000000,37450.17000000,38420.81000000,376417.07830000
1646611200000,38420.80000000,42594.06000000,37155.00000000,37777.34000000,374777.65361000
1647216000000,37777.35000000,42400.00000000,37555.00000000,41262.11000000,323399.67100000
1647820800000,41262.11000000,46999.00000000,40467.94000000,46827.76000000,315436.15044000
1648425600000,46827.76000000,48189.84000000,44200.00000000,46407.35000000,312053.15964000
1649030400000,46407.36000000,47200.00000000,41868.00000000,42158.85000000,268118.29111000
1649635200000,42158.85000000,42414.71000000,39200.00000000,39678.12000000,259281.04870000
1650240000000,39678.11000000,42976.00000000,38536.51000000,39450.13000000,283885.03637000
1650844800000,39450.12000000,40797.31000000,37386.38000000,38468.35000000,368444.26814000
1651449600000,38468.35000000,40023.77000000,33713.95000000,34038.40000000,419979.58290000
1652054400000,34038.39000000,34243.15000000,26700.00000000,31328.89000000,964223.84927400
1652659200000,31328.89000000,31328.90000000,28654.47000000,30293.94000000,375096.22376000
1653264000000,30293.93000000,30670.51000000,28019.56000000,29468.10000000,430508.71991000
1653868800000,29468.10000000,32399.00000000,29282.36000000,29919.21000000,422401.40352000
1654473600000,29919.20000000,31765.64000000,26560.00000000,26574.53000000,528925.48795900
1655078400000,26574.53000000,26895.84000000,17622.00000000,20574.00000000,1153717.63753700
1655683200000,20574.00000000,21888.00000000,19637.03000000,21038.07000000,570801.23178000
1656288000000,21038.08000000,21539.85000000,18626.00000000,19315.83000000,508544.13970000
1656892800000,19315.83000000,22527.37000000,19055.31000000,20862.47000000,1111996.98071000
1657497600000,20861.11000000,21684.54000000,18910.94000000,20798.16000000,1043685.76303000
1658102400000,20799.58000000,24276.74000000,20762.45000000,22579.68000000,1336219.23609000
1658707200000,22577.13000000,24668.00000000,20706.50000000,23293.32000000,1282264.24492000
1659312000000,23296.36000000,23647.68000000,22400.00000000,23174.39000000,951140.43388000
1659916800000,23174.39000000,25047.56000000,22664.69000000,24305.24000000,1251083.26468000
1660521600000,24305.25000000,25211.32000000,20761.90000000,21515.61000000,1402957.39876000
1661126400000,21516.70000000,21900.00000000,19520.00000000,19555.61000000,1343190.86000000
1661731200000,19555.61000000,20576.25000000,19540.00000000,20000.30000000,1527594.84529000
1662336000000,20000.30000000,21860.00000000,18510.77000000,21826.87000000,2146685.76233000
1662940800000,21826.87000000,22799.00000000,19320.01000000,19416.18000000,2218565.59694000
1663545600000,19417.45000000,19956.00000000,18125.98000000,18807.38000000,2285541.48793000
1664150400000,18809.13000000,20385.86000000,18471.28000000,19056.80000000,2777070.91238000
1664755200000,19057.74000000,20475.00000000,18959.68000000,19439.02000000,1690215.44019000
1665360000000,19439.96000000,19951.87000000,18190.00000000,19262.98000000,1666942.47921000
1665964800000,19262.98000000,19706.66000000,18650.00000000,19570.40000000,1439566.24878000
1666569600000,19570.40000000,21085.00000000,19157.00000000,20627.48000000,2026392.42105000
1667174400000,20627.48000000,21480.65000000,20031.24000000,20905.58000000,2205754.83045000
1667779200000,20905.58000000,21069.77000000,15588.00000000,16329.85000000,3234391.87393200
1668384000000,16331.78000000,17190.00000000,15815.21000000,16280.23000000,1626234.48043000
1668988800000,16279.50000000,16812.63000000,15476.00000000,16428.78000000,1561058.47958300
1669593600000,16428.77000000,17324.00000000,15995.27000000,17105.70000000,1572173.55626000
1670198400000,17106.65000000,17424.25000000,16678.83000000,17085.05000000,1443791.97519000
1670803200000,17085.05000000,18387.95000000,16527.32000000,16738.21000000,1511897.62621000
1671408000000,16739.00000000,17061.27000000,16256.30000000,16832.11000000,1148035.81471000
1672012800000,16832.11000000,16972.83000000,16333.00000000,16616.75000000,1028681.78419000
1672617600000,16617.17000000,17176.99000000,16548.70000000,17127.83000000,1112349.61417000
1673222400000,17127.83000000,21258.00000000,17104.66000000,20871.50000000,2145455.73458000
1673827200000,20872.99000000,23371.80000000,20407.15000000,22707.88000000,2108890.06922000
1674432000000,22706.02000000,23960.54000000,22300.00000000,23742.30000000,1946352.79600000
1675036800000,23743.37000000,24255.00000000,22500.00000000,22932.91000000,1949971.72168000
1675641600000,22932.91000000,23452.00000000,21451.00000000,21783.54000000,1976378.51282000
1676246400000,21782.37000000,25250.00000000,21351.07000000,24271.76000000,2497565.47508000
1676851200000,24272.51000000,25250.00000000,22722.00000000,23554.85000000,2237983.72753000
1677456000000,23554.85000000,24000.00000000,21971.13000000,22430.24000000,1698503.29143000
1678060800000,22430.24000000,22602.19000000,19549.09000000,21997.11000000,2718623.72856000
1678665600000,21998.05000000,28390.10000000,21813.88000000,27972.87000000,3775888.94983000
1679270400000,27972.87000000,28868.05000000,26601.80000000,27968.05000000,1437828.84706000
1679875200000,27968.05000000,29184.68000000,26508.14000000,28171.87000000,500795.73087000
1680480000000,28171.87000000,28775.00000000,27200.24000000,28323.76000000,306532.39014000
1681084800000,28323.76000000,31000.00000000,28170.00000000,30304.65000000,377573.74044000
1681689600000,30304.66000000,30485.00000000,27125.00000000,27590.60000000,430421.84646000
1682294400000,27590.59000000,30036.00000000,26942.82000000,29233.21000000,444613.47701000
1682899200000,29233.20000000,29820.00000000,27666.95000000,28430.10000000,360117.97447000
1683504000000,28430.09000000,28631.01000000,25811.46000000,26917.62000000,338765.74243000
1684108800000,26917.61000000,27663.59000000,26361.20000000,26747.78000000,230394.72253000
1684713600000,26747.78000000,28261.32000000,25871.89000000,28065.00000000,251061.07389000
1685318400000,28065.01000000,28447.14000000,26505.00000000,27115.21000000,233113.44204000
1685923200000,27115.20000000,27391.77000000,25351.02000000,25925.55000000,347786.76863000
1686528000000,25925.54000000,26839.99000000,24800.00000000,26339.97000000,265685.74051000
1687132800000,26339.98000000,31431.94000000,26256.61000000,30462.66000000,408189.22942000
1687737600000,30462.67000000,31282.00000000,29500.00000000,30617.03000000,294881.44198000
1688342400000,30617.02000000,31500.00000000,29701.02000000,30160.71000000,244056.69119000
1688947200000,30160.71000000,31804.20000000,29900.00000000,30231.99000000,269249.39031000
1689552000000,30232.00000000,30417.46000000,29512.00000000,30083.75000000,180919.27148000
1690156800000,30083.75000000,30099.58000000,28861.90000000,29281.09000000,168154.81375000
1690761600000,29281.09000000,30047.50000000,28585.70000000,29088.42000000,190359.38216000
1691366400000,29088.43000000,30244.00000000,28701.03000000,29303.84000000,178844.98681000
1691971200000,29303.85000000,29695.32000000,25166.00000000,26189.99000000,307223.55373000
1692576000000,26190.00000000,26819.27000000,25300.00000000,26101.77000000,188618.43325000
1693180800000,26101.78000000,28142.85000000,25333.75000000,25971.21000000,258183.08813000
1693785600000,25971.21000000,26445.50000000,25372.51000000,25841.61000000,156769.66561000
1694390400000,25841.60000000,26888.00000000,24901.00000000,26527.51000000,221247.03537000
1694995200000,26527.50000000,27483.57000000,26122.08000000,26248.38000000,191220.58923000
1695600000000,26248.39000000,28065.51000000,25990.46000000,27992.57000000,189937.16919000
1696204800000,27992.58000000,28580.00000000,27160.50000000,27917.05000000,217523.39638000
1696809600000,27917.06000000,27987.93000000,26538.66000000,27154.15000000,164897.39085000
1697414400000,27154.14000000,30379.99000000,27112.66000000,29992.46000000,294677.81127000
1698019200000,29992.46000000,35280.00000000,29883.60000000,34525.89000000,373306.40874000
1698624000000,34525.88000000,35984.99000000,34025.00000000,35011.88000000,249862.21260000
1699228800000,35011.89000000,37972.24000000,34523.06000000,37064.13000000,261060.64807000
1699833600000,37064.13000000,37980.00000000,34800.00000000,37359.86000000,255993.59565000
1700438400000,37359.85000000,38414.00000000,35632.01000000,37447.43000000,229889.97507000
1701043200000,37447.42000000,40250.00000000,36707.00000000,39972.26000000,222103.26117000
1701648000000,39972.26000000,44700.00000000,39972.26000000,43789.51000000,332080.41362000
1702252800000,43789.50000000,43804.50000000,40222.00000000,41374.65000000,292562.41578000
1702857600000,41374.64000000,44398.26000000,40542.93000000,42991.50000000,245481.20612000
1703462400000,42991.50000000,43802.32000000,41300.00000000,42283.58000000,228462.70228000
1704067200000,42283.58000000,45879.63000000,40750.00000000,43929.02000000,310487.48622000
1704672000000,43929.01000000,48969.48000000,41500.00000000,41732.35000000,470798.80434000
1705276800000,41732.35000000,43578.01000000,40280.00000000,41580.33000000,238486.27274000
1705881600000,41580.32000000,42842.68000000,38555.00000000,42031.06000000,274603.16207000
1706486400000,42031.05000000,43882.36000000,41804.88000000,42582.88000000,203036.61925000
1707091200000,42582.88000000,48592.66000000,42258.10000000,48299.99000000,262240.48357000
1707696000000,48300.00000000,52816.62000000,47710.01000000,52137.67000000,310862.30170000
1708300800000,52137.68000000,52985.00000000,50521.00000000,51728.85000000,223366.16186000
1708905600000,51728.85000000,64000.00000000,50901.44000000,63113.97000000,417907.83383000
1709510400000,63113.97000000,69990.00000000,59005.00000000,68955.88000000,481870.18178200
1710115200000,68955.88000000,73777.00000000,64533.00000000,68393.48000000,477496.91752000
1710720000000,68393.47000000,68956.00000000,60775.00000000,67209.99000000,409762.74414000
1711324800000,67210.00000000,71769.54000000,66385.06000000,71280.01000000,235409.95755000
1711929600000,71280.00000000,71288.23000000,64493.07000000,69360.39000000,274227.11488000
1712534400000,69360.38000000,72797.99000000,60660.57000000,65661.84000000,348008.31904000
1713139200000,65661.85000000,66867.07000000,59600.01000000,64941.15000000,312265.13225000
1713744000000,64941.15000000,67232.35000000,62391.24000000,63118.62000000,183902.50753000
1714348800000,63118.62000000,64734.00000000,56552.82000000,64012.00000000,298372.01720000
1714953600000,64012.00000000,65500.00000000,60187.12000000,61483.99000000,179712.75232000
1715558400000,61484.00000000,67700.00000000,60749.21000000,66274.01000000,195247.04901000
1716163200000,66274.00000000,71979.00000000,66060.31000000,68507.67000000,220708.83749000
1716768000000,68507.67000000,70687.56000000,66670.00000000,67765.63000000,158352.25614000
1717372800000,67765.62000000,71997.02000000,67612.48000000,69648.14000000,165061.19141000
1717977600000,69648.15000000,70195.94000000,65078.00000000,66676.87000000,174066.07718000
1718582400000,66676.86000000,67298.81000000,63178.32000000,63210.01000000,155589.33133000
1719187200000,63210.01000000,63369.80000000,58402.00000000,62772.01000000,177837.60164000
1719792000000,62772.01000000,63861.76000000,53485.93000000,55857.81000000,251967.61048000
1720396800000,55857.81000000,61420.69000000,54260.16000000,60797.91000000,190723.74928000
1721001600000,60797.91000000,68366.66000000,60632.30000000,68165.34000000,205198.52303000
1721606400000,68165.35000000,69399.99000000,63456.70000000,68249.88000000,177889.46168000
1722211200000,68249.88000000,70079.99000000,57122.77000000,58161.00000000,216238.92340000
1722816000000,58161.00000000,62745.14000000,49000.00000000,58712.59000000,370726.80645000
1723420800000,58712.59000000,61800.00000000,56078.54000000,58427.35000000,179945.24534000
1724025600000,58427.35000000,65000.00000000,57787.30000000,64220.00000000,169792.31289000
1724630400000,64219.99000000,64481.00000000,57201.00000000,57301.86000000,176518.33308000
1725235200000,57301.77000000,59809.65000000,52550.00000000,54869.95000000,196506.89846000
1725840000000,54869.95000000,60625.00000000,54591.96000000,59132.00000000,175833.33846000
1726444800000,59132.00000000,64133.32000000,57493.30000000,63578.76000000,178097.29669000
1727049600000,63578.76000000,66498.00000000,62538.75000000,65602.01000000,132963.29721000
1727654400000,65602.01000000,65618.80000000,59828.11000000,62819.91000000,169447.68762000
1728259200000,62819.91000000,64478.19000000,58946.00000000,62870.02000000,136109.36376000
1728864000000,62870.02000000,69400.00000000,62457.81000000,69031.99000000,185982.16665000
1729468800000,69032.00000000,69519.52000000,65260.00000000,68021.70000000,159069.27886000
1730073600000,68021.69000000,73620.12000000,67478.73000000,68775.99000000,209232.69647000
1730678400000,68775.99000000,81500.00000000,66835.00000000,80370.01000000,327445.15705000
1731283200000,80370.01000000,93265.64000000,80216.01000000,89855.99000000,417630.30233400
1731888000000,89855.98000000,99588.01000000,89376.90000000,97900.04000000,303784.77178200
1732492800000,97900.05000000,98871.80000000,90791.10000000,97185.18000000,237818.37314000
1733097600000,97185.17000000,104088.00000000,90500.00000000,101109.59000000,302152.73546200
1733702400000,101109.60000000,105250.00000000,94150.05000000,104463.99000000,230968.33990500
1734307200000,104463.99000000,108353.00000000,92232.54000000,95186.27000000,281544.24224600
1734912000000,95186.28000000,99963.70000000,92520.00000000,93738.20000000,140614.68725000
1735516800000,93738.19000000,98976.91000000,91530.45000000,98363.61000000,111914.79510000
1736121600000,98363.61000000,102724.38000000,91203.67000000,94545.06000000,172710.45967000
1736726400000,94545.07000000,106422.43000000,89256.69000000,101331.57000000,235685.99260000
1737331200000,101331.57000000,109588.00000000,99550.00000000,102620.00000000,254162.14092200
1737936000000,102620.01000000,106457.44000000,96150.00000000,97700.59000000,184203.26328000
1738540800000,97700.59000000,102500.01000000,91231.00000000,96462.75000000,221243.61368000
1739145600000,96462.75000000,98826.00000000,94088.23000000,96118.12000000,122007.40976000
1739750400000,96118.12000000,99475.00000000,93388.09000000,96258.00000000,127758.44873000
1740355200000,96258.00000000,96500.00000000,78258.52000000,94270.00000000,373604.39736000
1740960000000,94269.99000000,94416.46000000,80000.00000000,80734.37000000,284471.65101000
1741564800000,80734.48000000,85309.71000000,76606.00000000,82574.53000000,211663.09876000
1742169600000,82574.52000000,84756.83000000,82244.68000000,82717.39000000,24825.96434000
